{
    "Job": {

        "name": "Matrix Operation",

        "files": [
            "matrop-multiply",
            "matrop-conv",
            "matrop-scan",
            "MatrixInput_4",
            "MatrixInput_5",
            "MatrixInput_6",
            "MatrixInput_7",
            "Filter_8",
            "MatrixInput_9",
            "MatrixInput_10",
            "MatrixInput_11",
            "MatrixInput_12",
            "MatrixInput_13",
            "MatrixInput_14",
            "MatrixInput_15",
            "MatrixInput_16",
            "MatrixInput_17",
            "MatrixInput_18",
            "MatrixInput_19",
            "MatrixInput_20",
            "MatrixInput_21",
            "MatrixInput_22",
            "MatrixInput_23",
            "MatrixInput_24"
        ],

        "parameters": [
            "-w 1000",
            "-w 3000"
        ],

        "processes": [
            "$F1 $P1 $I4 $I5 $I6 $O7",
            "$F1 -w 2000 $I14 $I11 $O22",
            "$F1 $P2 $I17 $I10 $O11",
            "$F1 -w 4000 $I15 $I13 $O17",
            "$F1 $P1 $I9 $I12 $O20",
            "$F2 $P1 -f $I8 $I7 $O9",
            "$F2 $P1 $I11 $O15",
            "$F2 $P2 $I17 $I19 $O24",
            "$F2 $P1 -m $I13 $O18 $I16 $O19",
            "$F3 $P1 -m $I5 $O12 $I9 $O13",
            "$F3 $P1 $I22 $I11 $I12 $I17 $O21",
            "$F3 $P2 $I14 $O16",
            "$F3 $P2 $I13 $I19 $O23"
        ]
    }
}
