{
    "Job": {

        "name": "MatrixMultiplicator",

        "files": [
            "matrixmul",
            "input/MatrixInput_1",
            "input/MatrixInput_2",
            "input/MatrixInput_3",
            "input/MatrixInput_4",
            "input/MatrixInput_5",
            "input/MatrixInput_6",
            "input/MatrixInput_7",
            "output/MatrixInput_8",
            "output/MatrixInput_9",
            "output/MatrixInput_10",
            "output/MatrixInput_11",
            "output/MatrixInput_12",
            "output/MatrixInput_13",
            "output/MatrixInput_14",
            "output/MatrixInput_15",
            "output/MatrixInput_16",
            "output/MatrixInput_17",
        ],

        "parameters": [
            "-p on",
            "-x 3000"
        ],

        "processes": [
            "$F0 $P0 $P1 $F1 $F12 $F14 $O15",
            "$F0 $P0 $P1 $F2 $F3 $O8",
            "$F0 $P0 $P1 $F4 $F8 $O9",
            "$F0 $P0 $P1 $F9 $F11 $O12",
            "$F0 $P0 $P1 $F3 $F5 $F6 $O10",
            "$F0 $P0 $P1 $F2 $F10 $F6 $O11",
            "$F0 $P0 $P1 $F4 $F7 $O13",
            "$F0 $P0 $P1 $F5 $F13 $O14",
            "$F0 $P0 $P1 $F14 $F7 $O16",
            "$F0 $P0 $P1 $F16 $F13 $O17",
        ]
    }
}
